N,tempo_linha,tempo_coluna
10,0.000000,0.000000
50,0.000001,0.000002
100,0.000004,0.000005
500,0.000125,0.000224
1000,0.000684,0.000979
2000,0.002195,0.013905
3000,0.005780,0.047607
5000,0.017626,0.159872
8000,0.168514,1.072801
10000,0.071872,1.203362
