N,tempo_linha,tempo_coluna
10,0.000000,0.000000
50,0.000001,0.000001
100,0.000007,0.000005
500,0.000157,0.000292
1000,0.000876,0.001809
2000,0.002621,0.015740
3000,0.006016,0.062340
5000,0.020186,0.222115
8000,0.055477,0.952994
10000,0.083098,1.374537
