iteracoes,segundos,pi_aprox,erro
1,0.000000087,3.14057925052216858,1.013e-03
2,0.000000031,3.14159264621354284,7.376e-09
3,0.000000034,3.14159265358979400,8.882e-16
4,0.000000040,3.14159265358979400,8.882e-16
5,0.000000044,3.14159265358979400,8.882e-16
10,0.000000068,3.14159265358979400,8.882e-16
20,0.000000119,3.14159265358979400,8.882e-16
50,0.000000270,3.14159265358979400,8.882e-16
