N,tempo_linha,tempo_coluna
10,0.000000,0.000000
50,0.000001,0.000001
100,0.000003,0.000004
500,0.000126,0.000196
1000,0.000925,0.001738
2000,0.002326,0.011253
3000,0.005962,0.044569
5000,0.015551,0.160832
8000,0.044284,0.853427
10000,0.085745,1.254650
