laco,otimizacao,tempo
laco2,O0,0.165933
laco3_2,O0,0.079541
laco3_4,O0,0.047551
laco3_8,O0,0.041159
laco3_12,O0,0.050612
laco3_16,O0,0.040079
laco2,O2,0.023146
laco3_2,O2,0.024226
laco3_4,O2,0.021200
laco3_8,O2,0.023958
laco3_12,O2,0.027529
laco3_16,O2,0.022529
laco2,O3,0.023807
laco3_2,O3,0.027688
laco3_4,O3,0.022347
laco3_8,O3,0.025788
laco3_12,O3,0.026276
laco3_16,O3,0.022081
