laco,otimizacao,tempo
laco2,O0,0.020387
laco3_2,O0,0.085794
laco3_4,O0,0.056728
laco3_8,O0,0.051033
laco3_12,O0,0.048696
laco3_16,O0,0.053201
laco2,O2,0.002993
laco3_2,O2,0.027469
laco3_4,O2,0.025957
laco3_8,O2,0.035779
laco3_12,O2,0.022973
laco3_16,O2,0.029762
laco2,O3,0.002914
laco3_2,O3,0.026276
laco3_4,O3,0.037995
laco3_8,O3,0.033387
laco3_12,O3,0.029798
laco3_16,O3,0.025571
