iteracoes,segundos,pi_aprox,erro
1,0.000000096,3.140579250522169,1.01e-03
2,0.000000041,3.141592646213543,7.38e-09
3,0.000000039,3.141592653589794,8.88e-16
4,0.000000043,3.141592653589794,8.88e-16
5,0.000000047,3.141592653589794,8.88e-16
10,0.000000074,3.141592653589794,8.88e-16
20,0.000000129,3.141592653589794,8.88e-16
50,0.000000290,3.141592653589794,8.88e-16
